area,perimeter,eccentricity,solidity,equivalent_diameter,orientation,major_axis_length,minor_axis_length
2150.0,240.5685424949238,0.9329511230680811,0.9585376727596968,52.320789569544914,-0.230819407656409,94.62324982188633,34.06465931962141
1209445.0,14120.27856432252,0.8982906247615309,0.9383922696857969,1240.9323918659786,0.2812540704342255,2048.205810893315,899.9853471647855
3382816.0,37176.97346504043,0.6379275686740982,0.909754100234376,2075.3638485245965,0.8508593055869538,2528.969074264924,1947.5499007127282
3222.0,300.12489168102786,0.9319557308444795,0.9312138728323699,64.04980728414954,1.3197183627266422,117.63908060303383,42.652646557310675
2518.0,344.048773235279,0.7573371377303859,0.7053221288515407,56.621702320251195,0.2579383707767092,82.8924948791675,54.130795889941574
