area,perimeter,eccentricity,solidity,equivalent_diameter,orientation,major_axis_length,minor_axis_length
4463832.0,56308.20779914728,0.6794496113500607,0.8898757276861842,2384.014979704249,-1.4193012961881604,2956.3629618957275,2169.1490535254898
2614.0,292.35028842544403,0.9420552513754779,0.7114861186717474,57.690971303469276,-1.4686109213410505,111.30008264404913,37.3364755177018
73972.0,2465.867278561008,0.8415221948509746,0.5215944266988203,306.894241723675,-1.396211318865725,637.1343384385959,344.19433231264884
11428.0,618.6173157302028,0.9358737019680878,0.8763803680981596,120.6257912605486,-1.4035199789044523,213.46044741419988,75.20972661088224
