area,perimeter,eccentricity,solidity,equivalent_diameter,orientation,major_axis_length,minor_axis_length
183944.0,4303.397328557169,0.9397668878555114,0.8954968112555377,483.94707852901104,-0.166975001329742,908.5255050775959,310.5485788080917
4369063.0,51203.49867466343,0.6599168012829026,0.9165536986992215,2358.572404027327,-1.4102564672655267,2885.104573927334,2167.690668611613
21055.0,1829.392098454536,0.999045676807207,0.7200998666165054,163.7316664985697,-1.2186944028779623,848.6977659493019,37.06910982445783
3317.0,305.19595949289334,0.9384091103551448,0.9052947598253275,64.98719543022713,-1.3624028571879803,118.38139237926805,40.90387038389343
6399.0,490.2741699796952,0.9758703541337824,0.8308231628148532,90.26328072234195,-0.2543068098902199,204.40763662365268,44.63256165054818
2829.0,343.9482681718907,0.9747532444841341,0.7608929532006455,60.01661996527108,-0.582386405374743,141.14862411678956,31.516345611246347
14693.0,834.1147904132612,0.9815945460063922,0.8742710936570273,136.77612595330277,-0.21460462227487687,342.003753246526,65.31479054219214
2513.0,406.492424049175,0.9969706099756276,0.8438549361987912,56.56545744462308,-0.27456168096112515,208.68781092630113,16.23156949742094
